{
  "start_date": "2024-11",
  "end_date": "2025-11",
  "use_link_month_weights": true,
  "total_food_inflation_pct": 4.177545691906004,
  "total_contribution_pp": 4.465045013635,
  "contributions": [
    {
      "category": "Food from Stores",
      "weight": 0.647,
      "start_value": 188.6,
      "end_value": 197.4,
      "percentage_change": 4.665959703075306,
      "contribution_pp": 3.0188759278897233
    },
    {
      "category": "Fast Food & Take-out",
      "weight": 0.209,
      "start_value": 198.3,
      "end_value": 208.3,
      "percentage_change": 5.042864346949072,
      "contribution_pp": 1.053958648512356
    },
    {
      "category": "Table-Service Restaurants",
      "weight": 0.12,
      "start_value": 196.2,
      "end_value": 201.3,
      "percentage_change": 2.5993883792049033,
      "contribution_pp": 0.3119266055045884
    },
    {
      "category": "Cafeterias & Other",
      "weight": 0.024,
      "start_value": 197.3,
      "end_value": 203.9,
      "percentage_change": 3.345159655347185,
      "contribution_pp": 0.08028383172833245
    }
  ],
  "validation": {
    "difference_pp": 0.28749932172899584,
    "within_tolerance": false
  }
}